{
    "Logistic Regression": {
        "roc_auc": 0.904955300127714
    },
    "Random Forest": {
        "roc_auc": 0.9591570881226053
    },
    "Gradient Boosting": {
        "roc_auc": 0.9651851851851851
    },
    "Extra Trees": {
        "roc_auc": 0.9713793103448276
    },
    "AdaBoost": {
        "roc_auc": 0.9599233716475096
    },
    "KNN": {
        "roc_auc": 0.9717241379310344
    },
    "SVC": {
        "roc_auc": 0.8906257982120052
    },
    "MLP (Sklearn)": {
        "roc_auc": 0.9818901660280972
    },
    "XGBoost": {
        "roc_auc": 0.9736653895274585
    },
    "LightGBM": {
        "roc_auc": 0.978058748403576
    },
    "CatBoost": {
        "roc_auc": 0.978595146871009
    }
}