{
    "Logistic Regression": 0.904955300127714,
    "Random Forest": 0.9591570881226053,
    "Gradient Boosting": 0.9651851851851851,
    "Extra Trees": 0.9713793103448276,
    "AdaBoost": 0.9599233716475096,
    "KNN": 0.9717241379310344,
    "SVC": 0.8906257982120052,
    "MLP (Sklearn)": 0.9818901660280972,
    "XGBoost": 0.9736653895274585,
    "LightGBM": 0.978058748403576,
    "CatBoost": 0.978595146871009
}